duration,src_bytes,dst_bytes,failed_login,connection_count,syn_ratio,unique_ports,dst_port,attack
1.195,1389,1629,0,18,0.11,8,587,0
0.814,984,2515,0,12,0.116,7,80,0
1.912,557,1860,0,5,0.14,9,443,0
1.573,964,514,1,11,0.26,6,587,0
2.554,122,133,0,9,0.134,10,443,0
1.048,950,1023,0,6,0.125,11,53,0
1.879,1115,1724,0,14,0.176,9,123,0
2.312,433,1980,0,13,0,11,587,1
1.969,776,2170,0,1,0.144,7,123,0
2.653,246,1228,0,1,0.064,8,123,0
2.601,857,1193,0,14,0.188,10,80,0
2.703,1190,982,0,10,0,10,443,0
2.635,906,1648,0,12,0.052,8,53,0
0.1,1000,820,0,10,0.168,7,80,0
2.055,301,1545,0,12,0.133,8,80,0
2.182,574,1307,0,3,0.167,11,80,0
1.894,593,1155,1,17,0.08,10,443,0
1.323,1276,1992,0,10,0.139,2,587,0
2.349,213,1314,0,4,0.099,11,80,0
2.346,1181,445,1,19,0.033,3,443,0
0.454,1024,2042,0,14,0.039,4,587,0
1.9,721,2858,0,10,0.159,6,123,1
0.59,579,1077,0,9,0.192,6,53,0
2.35,1197,756,0,12,0.148,7,123,0
0.287,842,1132,0,3,0.127,9,443,0
2.152,640,2366,0,13,0.017,10,53,0
1.209,1108,1323,0,11,0.06,7,443,1
0.01,1005,2570,0,18,0.126,3,80,0
2.174,545,1118,0,11,0.085,8,53,0
1.885,741,1155,0,7,0.184,5,123,0
0.986,842,2021,0,13,0.094,11,587,0
2.218,720,1331,0,17,0.046,17,80,0
0.928,670,700,0,12,0.052,10,587,0
1.389,1098,1462,0,7,0.109,1,443,0
1.303,605,1952,0,9,0.107,4,123,0
2.548,734,1990,0,4,0.018,9,53,0
2.097,323,636,0,6,0.16,4,443,0
0.225,989,1682,0,19,0.068,6,80,0
1.048,858,1043,0,6,0.101,2,53,0
0.709,736,1402,0,19,0.18,4,80,0
3.144,798,1475,0,12,0.041,4,443,0
0.168,1174,1485,1,1,0.05,8,53,0
0.945,194,982,1,9,0.284,9,123,0
0.752,1027,1780,1,17,0.206,3,80,0
1.183,433,1114,0,6,0.21,4,443,0
0.722,780,1868,0,22,0.103,8,587,0
2.232,275,1456,0,9,0.147,8,80,0
1.429,678,1175,0,10,0.1,5,123,0
2.468,767,846,0,17,0.081,12,53,0
0.564,897,139,0,19,0.119,8,53,0
2.419,406,748,0,6,0.147,5,123,0
3.127,503,1670,0,19,0.074,7,123,0
3.232,956,1145,0,6,0.188,11,123,0
0.01,977,1420,0,11,0.229,11,80,0
0.819,737,1376,0,10,0.087,1,53,0
2.252,548,1007,0,14,0.08,4,53,0
0.485,276,628,0,9,0.086,7,443,0
1.121,792,753,1,16,0.173,5,53,1
2.027,738,1666,0,10,0.148,4,443,0
1.574,868,1748,0,6,0.129,14,443,0
1.943,1295,495,0,16,0.074,7,80,0
2.9,499,1730,0,8,0.073,9,53,0
2.078,1127,987,0,6,0.08,10,123,1
1.765,730,2393,0,4,0.211,9,123,0
2.767,144,1581,0,13,0.073,8,443,0
2.436,275,408,0,8,0.034,9,443,0
2.435,957,1493,0,16,0.184,11,53,0
1.603,930,1027,0,6,0.16,3,53,0
2.138,429,2543,0,13,0.224,6,587,0
0.994,388,2424,1,12,0.02,9,53,0
0.357,470,1811,0,12,0.136,10,587,0
1.032,822,1748,0,2,0.097,10,443,0
2.038,827,1847,0,12,0.207,5,587,0
2.358,296,2060,0,16,0.186,10,123,0
2.476,694,1320,0,8,0.137,2,53,0
3.724,20,967,0,15,0.133,9,123,0
2.321,931,307,0,16,0.14,13,443,0
1.689,1341,1997,0,15,0.163,6,443,0
2.091,342,1156,2,18,0.113,8,80,0
1.386,1022,1985,0,5,0.175,8,443,0
1.743,372,1478,0,13,0.037,10,587,0
2.474,1389,1829,0,7,0,10,80,1
3.545,793,1200,0,10,0.046,10,443,0
1.331,1057,1725,0,7,0.017,16,587,0
1.503,1198,375,0,17,0.187,10,443,0
1.008,137,2123,0,16,0.029,10,53,1
0.607,1029,1216,0,13,0.108,8,80,0
1.453,788,824,0,13,0.207,6,80,0
0.249,1178,2184,0,13,0.109,7,80,0
2.557,586,1272,0,9,0.225,11,53,0
2.346,986,1610,1,4,0.075,4,587,0
0.866,1594,1764,0,8,0.166,12,53,0
2.537,645,1662,0,10,0.098,7,80,0
0.01,794,1012,0,14,0.043,11,587,0
0.265,387,2155,1,13,0.129,5,587,0
2.131,538,1699,0,9,0.068,9,587,0
0.47,843,2173,0,11,0.115,7,443,0
2.388,825,923,0,16,0.087,8,587,0
1.496,405,2134,0,20,0.181,8,80,0
1.846,1096,801,0,8,0.09,8,80,0
2.34,754,2235,0,10,0.058,6,123,0
1.965,438,1048,0,14,0.086,10,443,1
2.931,1028,1048,0,12,0.056,12,443,0
1.464,816,1892,0,18,0.127,3,443,0
3.007,651,621,0,5,0.069,11,587,0
0.928,386,3168,0,16,0.023,8,53,0
1.096,622,2195,0,16,0.136,7,80,0
3.06,487,949,0,13,0.159,1,123,0
2.786,553,1861,1,1,0.118,2,53,0
2.303,946,1467,0,10,0.063,1,587,0
1.276,770,1101,0,8,0.155,3,53,0
0.884,942,1625,0,8,0.103,3,587,1
2.367,574,1164,0,4,0.269,7,587,0
0.949,762,1215,0,9,0.103,9,587,0
2.916,1088,1365,0,7,0.28,5,443,0
3.086,827,1876,1,16,0.217,11,587,0
2.593,874,1537,0,9,0.149,10,443,0
0.452,781,1294,0,18,0.214,7,123,0
1.867,1057,2697,0,14,0.094,6,123,0
0.747,523,1635,0,16,0.246,6,587,0
2.24,1002,599,0,9,0.109,11,53,1
0.353,978,1708,0,13,0.135,6,443,0
2.561,135,2156,0,8,0.161,7,443,0
2.044,1596,1785,0,5,0.13,6,53,0
2.684,603,2075,0,5,0.139,8,443,0
1.702,1024,739,0,5,0.164,9,53,0
2.279,979,871,0,20,0.171,4,587,0
1.801,303,993,0,12,0.065,11,443,0
1.605,672,1758,0,6,0.106,11,123,0
1.716,873,1350,0,15,0.119,5,80,1
0.979,1270,667,0,11,0.057,11,443,0
2.111,1057,569,1,11,0.136,9,123,0
2.388,854,1872,0,10,0.175,3,123,0
2.787,787,2670,0,16,0.147,2,53,0
1.566,1420,847,0,1,0.185,6,123,0
2.291,379,2425,0,14,0.054,9,443,0
1.04,713,2401,0,9,0.209,3,53,0
2.417,266,1867,1,8,0.028,9,80,0
2.942,1026,678,1,6,0,10,123,0
2.762,927,1556,0,7,0.053,10,587,0
2.361,1114,977,0,14,0.138,6,53,0
2.38,800,1843,0,6,0.052,10,53,0
2.019,260,1712,1,5,0,8,80,0
2.262,84,1944,0,12,0.064,2,53,0
1.101,321,948,0,11,0.159,6,443,0
0.448,913,696,0,14,0.2,12,80,0
1.047,1149,10,0,19,0.226,10,123,0
2.164,208,1307,0,10,0.219,7,123,0
0.739,889,2410,1,5,0.09,8,587,0
1.33,900,1374,0,14,0.152,10,443,0
0.585,1485,2569,0,11,0.219,6,53,0
1.654,683,1295,0,6,0.082,7,587,0
1.575,330,1995,0,12,0.105,12,587,1
2.163,777,1979,0,8,0.264,9,587,0
1.244,1649,242,0,10,0.066,8,123,0
1.94,462,1895,0,14,0.16,5,53,0
2.271,771,882,0,9,0.191,7,80,0
2.475,1601,2027,0,8,0.267,6,53,0
3.115,573,1652,0,17,0.118,10,80,0
1.073,1190,1219,0,11,0.106,8,123,1
0.384,412,1231,0,14,0.122,9,53,0
2.326,829,834,0,15,0.15,11,80,0
1.056,1050,256,0,7,0.053,8,53,0
2.094,888,888,1,8,0.146,11,587,0
2.046,824,1213,0,9,0.115,9,587,0
1.493,654,2135,0,5,0.051,6,587,1
0.415,689,1103,1,6,0.197,11,80,1
1.65,574,1185,0,1,0.076,6,80,0
1.324,692,829,0,13,0.087,7,80,0
1.593,937,2203,0,14,0.144,11,587,0
3.405,459,1477,0,14,0.156,5,587,0
2.981,172,2725,0,13,0.019,6,53,0
1.347,654,1519,1,14,0.306,7,443,0
2.51,651,745,0,12,0.223,6,53,0
2.775,1164,73,1,17,0,8,53,0
1.098,936,1421,1,8,0.119,5,587,0
1.647,1245,1454,0,11,0.068,14,443,0
2.413,725,1324,0,16,0.217,11,80,0
4.224,586,2056,1,16,0.066,5,53,0
0.574,581,2409,0,10,0.043,6,80,0
2.277,687,1821,0,26,0.004,5,53,0
2.435,834,1433,0,11,0.177,7,587,0
0.01,688,2051,0,10,0.246,5,53,0
3.075,788,1384,0,15,0.099,6,587,0
2.987,213,1891,0,18,0.174,8,53,1
2.254,837,1467,0,15,0.113,10,587,0
1.777,747,888,0,14,0.133,6,587,0
2.66,1448,819,0,4,0.013,2,53,0
1.324,637,1769,0,11,0.025,4,123,0
2.373,829,241,0,4,0.08,4,80,0
0.711,731,490,1,19,0.205,9,587,0
1.453,983,2004,0,11,0.146,11,80,0
2.587,574,1849,0,6,0.166,3,53,0
1.314,741,807,0,4,0.101,7,53,0
1.455,384,2878,0,17,0.113,7,443,0
2.352,896,10,0,7,0.189,7,123,0
0.832,1173,1041,0,9,0.067,9,587,0
2.806,1476,2893,0,4,0.197,7,587,0
1.019,956,1599,1,13,0.157,11,80,0
0.718,933,820,0,1,0.167,8,80,1
0.987,588,831,0,12,0.141,4,80,0
2.22,1507,3212,0,23,0.038,6,53,0
1.951,1513,2346,0,8,0.149,4,443,0
1.38,540,974,0,12,0.217,6,587,0
1.409,1129,1902,0,12,0.041,9,443,0
1.182,1066,41,0,6,0.085,7,443,0
1.775,1113,2172,0,7,0.183,8,123,0
1.543,580,655,0,9,0.128,3,587,0
1.927,1034,1996,0,14,0.094,9,123,0
3.176,1263,947,0,7,0.124,10,53,0
0.986,1094,1154,0,6,0.113,14,123,0
3.275,822,886,0,16,0.254,9,443,0
2.937,845,535,0,11,0.164,8,443,0
2.96,289,1504,0,8,0.199,1,123,0
0.382,938,1269,0,8,0.107,15,80,0
0.044,138,1299,1,16,0.128,8,443,0
2.159,587,1474,0,7,0.118,4,587,0
0.9,1238,964,1,12,0.109,8,53,0
1.079,735,417,0,1,0.19,10,587,0
3.618,935,1867,0,10,0.112,10,53,0
2.765,701,1546,1,9,0.245,16,80,0
3.151,1084,1878,0,11,0.163,8,123,0
2.53,384,558,1,22,0.096,9,587,1
1.484,693,1533,1,17,0.193,5,80,0
2.553,1416,1974,0,17,0.222,10,53,0
0.01,935,1942,0,7,0.17,6,443,0
2.146,282,2520,0,10,0.146,8,587,0
2.156,903,10,0,17,0.175,8,123,0
0.957,819,2194,0,8,0.027,11,443,0
2.441,766,1218,0,18,0.043,4,53,0
1.547,917,2211,0,12,0.088,10,587,0
2.298,462,1258,0,12,0.199,10,53,0
1.893,758,457,0,10,0.031,10,587,0
1.769,965,2099,0,15,0.095,8,123,0
1.677,1091,1635,0,19,0.082,3,123,0
1.833,1033,1871,0,10,0.028,4,53,0
0.911,936,1952,0,8,0.087,4,123,0
0.962,444,3164,0,11,0.092,4,587,0
1.959,495,1267,1,4,0.242,11,443,0
4.739,615,695,1,10,0.101,4,53,0
1.967,684,2218,0,10,0.086,7,443,0
2.449,666,294,2,18,0.05,8,587,0
3.411,473,1333,0,19,0.099,9,80,1
0.683,1004,1835,0,9,0.052,5,123,0
2.59,734,1594,0,14,0.149,7,587,0
0.65,861,2166,0,13,0.105,6,80,0
1.051,831,1760,0,15,0.021,6,443,1
2.473,478,1414,1,16,0.095,8,80,0
1.964,639,2090,0,10,0.082,10,443,0
1.732,502,1298,0,14,0.149,3,443,0
1.192,512,2449,0,14,0.209,4,443,0
2.704,703,2574,0,5,0.147,4,53,0
1.343,1143,1391,1,4,0.103,4,587,0
1.092,1045,1928,0,12,0.062,3,587,0
0.666,519,1300,0,15,0.165,9,587,0
2.493,1023,2024,0,18,0.085,3,443,0
0.818,662,1886,0,10,0.127,7,443,0
1.897,916,2148,0,9,0.051,9,123,0
1.427,810,2662,0,10,0.174,6,123,0
1.672,248,1017,0,12,0.07,6,587,0
2.182,500,1589,0,10,0.034,9,443,0
1.773,405,4052,0,13,0.151,5,80,0
1.906,545,1846,0,7,0.209,6,443,0
1.398,939,247,0,5,0.028,7,443,0
1.173,1288,1364,0,21,0,7,123,0
1.436,1755,430,0,10,0.155,6,53,0
2.521,278,1137,0,8,0.094,5,80,1
2.307,322,2167,0,2,0.042,8,587,0
3.352,809,1377,0,4,0.147,7,587,0
2.053,64,2601,0,6,0.095,10,587,0
0.774,587,860,0,11,0.1,12,123,0
2.723,1601,1664,0,16,0.194,7,443,0
2.363,599,2508,0,15,0.157,11,443,0
2.458,1264,1813,0,3,0.092,8,80,0
2.824,802,1836,0,11,0.111,6,123,0
0.237,662,751,0,14,0.131,6,53,0
2.158,670,1671,0,22,0.284,10,80,0
2.665,638,1232,0,14,0.118,1,587,0
1.107,160,1775,0,12,0.027,2,53,0
3.34,867,989,0,9,0.03,5,53,0
2.05,272,2092,0,10,0.2,3,53,0
1.711,428,526,0,8,0.081,9,587,1
3.501,1116,2160,0,9,0.183,9,587,0
1.003,557,416,1,9,0.146,8,53,0
2.235,1573,2168,0,10,0.228,8,123,0
0.861,1177,1929,0,9,0.089,11,443,0
2.316,767,1068,1,12,0.019,6,123,0
1.193,714,155,0,12,0.049,9,587,0
3.054,975,1262,0,14,0.123,11,53,0
1.875,194,1323,0,9,0.205,11,53,0
1.752,625,2011,0,6,0.157,7,80,0
4.237,381,1520,1,15,0.14,9,80,0
2.861,476,2361,1,21,0.122,8,53,0
1.821,651,1767,1,7,0,5,123,0
1.908,1061,2030,0,14,0.039,11,80,0
2.718,1071,2641,2,10,0.191,9,53,0
1.914,501,2162,0,9,0.163,9,443,0
0.358,343,1710,0,12,0.171,14,443,0
3.022,1458,2364,0,6,0.039,10,123,0
1.849,1128,583,0,15,0.126,11,80,0
2.291,766,1460,0,13,0.254,2,123,0
2.794,945,1453,0,13,0.132,6,587,0
3.026,996,1896,0,18,0,3,53,0
2.859,684,2007,0,13,0.137,4,443,0
2.575,1035,1360,0,6,0.213,4,80,0
2.099,1335,2183,0,19,0.081,6,53,0
2.646,1242,2189,0,16,0.138,8,123,0
1.297,1072,793,0,11,0.22,11,80,0
3.491,849,1868,0,14,0.06,5,587,0
0.855,129,694,2,19,0.153,12,443,0
3.261,1170,1629,0,13,0.112,10,123,0
1.36,456,1516,0,14,0.167,6,123,0
1.978,737,1114,0,10,0.189,6,53,0
1.7,529,1989,0,5,0.121,17,587,0
2.555,20,1631,0,6,0.098,11,123,0
1.245,789,1659,0,11,0.141,5,123,0
0.29,690,3391,0,17,0.18,7,80,0
3.448,874,10,0,5,0,12,443,0
2.34,1219,1874,0,13,0.111,5,587,0
0.01,1334,2827,0,4,0.206,7,443,0
1.409,809,1553,0,11,0.12,9,443,0
1.502,681,1868,0,2,0.157,8,443,0
2.066,130,2640,0,3,0.239,6,53,1
2.053,379,3215,0,6,0.068,5,53,0
2.886,1618,941,0,12,0.072,6,53,1
1.504,770,918,0,12,0.093,4,587,0
2.997,896,3111,0,13,0.209,9,80,1
1.608,874,3483,1,21,0.213,10,53,0
1.133,890,1500,0,11,0.153,10,123,0
1.807,1513,1219,0,12,0.089,7,123,0
2.085,353,1525,0,3,0.158,8,53,0
1.838,931,1417,0,16,0.11,4,80,0
0.428,1665,2356,0,5,0.163,5,80,0
1.2,990,1782,0,19,0.1,3,53,0
1.397,551,2076,0,6,0.095,8,80,0
1.826,657,2490,0,10,0.162,8,53,0
2.809,743,2417,1,1,0.147,7,123,0
3.084,1089,2837,0,15,0.113,11,443,0
2.404,414,2129,1,18,0.179,9,587,0
0.931,817,1745,0,15,0.224,7,123,0
1.208,686,1288,0,12,0.105,4,587,0
1.33,585,625,1,17,0.214,15,443,1
1.968,630,10,1,1,0.215,4,53,0
0.577,560,2521,0,10,0.037,6,53,0
0.01,703,2583,0,4,0.056,9,587,0
2.133,297,880,1,7,0.09,7,53,0
3.047,266,1894,0,8,0.045,6,123,0
1.893,1096,2253,0,10,0.168,6,443,0
2.773,921,1421,0,7,0.226,5,80,1
3.406,1048,1413,0,19,0.129,5,123,0
0.191,4233,126,1,156,0.732,7,80,1
0.188,233,382,10,49,0.371,2,22,1
0.718,202,10,9,32,0.258,3,443,1
0.281,253,168,5,35,0.482,2,443,1
0.035,153,18,2,104,0.763,82,80,1
0.781,164,105,7,45,0.557,3,443,1
0.442,312,350,11,37,0.512,4,443,1
0.167,4493,225,0,128,0.862,6,443,1
0.394,6076,39,0,124,0.922,3,80,1
0.077,199,37,0,61,0.739,78,135,1
0.9,506,425,5,39,0.196,2,443,1
0.216,20,10,7,45,0.325,3,443,1
0.305,3741,79,0,134,0.789,6,443,1
0.497,465,43,8,39,0.414,3,443,1
1.208,194,201,6,38,0.59,1,3389,1
0.2,51,11,1,105,0.662,40,22,1
0.192,59,29,0,97,0.782,59,80,1
0.086,46,30,1,84,0.686,76,22,1
0.01,192,17,1,83,0.77,57,23,1
0.016,105,0,1,119,0.654,61,3389,1
0.219,91,15,0,132,0.644,52,21,1
0.244,4889,57,0,138,0.916,6,443,1
0.684,318,375,7,22,0.331,1,22,0
0.169,136,19,1,84,0.902,39,21,1
0.74,728,256,8,29,0.348,2,3389,1
0.01,4932,174,2,194,0.796,2,80,1
0.485,155,139,9,29,0.361,2,3389,1
0.014,58,1,0,133,0.873,76,22,1
0.235,4263,121,0,167,0.894,4,80,1
0.217,80,7,2,107,0.811,88,139,1
1.048,303,439,5,32,0.29,4,443,1
0.346,5927,127,0,264,0.828,7,80,0
1.013,91,134,10,30,0.377,4,22,1
0.093,252,187,6,43,0.172,1,22,1
0.14,66,0,2,96,0.848,70,23,1
0.166,462,392,11,32,0.56,4,3389,1
0.209,4145,58,0,212,0.869,7,80,1
0.01,107,16,0,104,0.744,67,80,1
0.377,3701,68,0,108,0.896,2,443,1
0.65,401,119,8,34,0.306,2,3389,1
0.142,78,8,1,107,0.744,58,445,1
1.024,443,311,7,33,0.245,3,3389,1
0.21,4426,34,0,175,0.85,2,443,1
0.123,2978,66,0,168,0.909,1,443,1
0.017,69,0,1,97,0.702,55,139,1
0.063,139,0,0,129,0.741,50,23,1
0.201,139,18,0,87,0.709,68,3389,1
0.473,285,193,4,46,0.434,1,3389,1
0.011,20,31,1,92,0.744,81,3389,1
0.137,5639,0,0,139,0.863,4,443,1
0.365,3940,28,0,160,0.921,4,80,1
0.809,101,347,7,26,0.279,1,443,1
0.445,4163,125,1,151,0.912,2,80,1
0.01,2940,77,0,102,0.764,3,443,1
0.246,2121,73,1,175,0.771,6,80,1
0.627,271,459,11,33,0.376,3,3389,1
0.602,261,271,7,46,0.205,4,443,0
0.021,95,46,1,80,0.633,25,445,1
0.33,60,12,2,118,0.756,36,3389,1
0.241,498,151,5,21,0.194,2,443,1
0.549,390,218,6,40,0.478,2,443,1
0.179,126,34,0,122,0.735,46,23,1
0.01,50,0,0,86,0.918,49,139,1
0.232,5179,137,1,177,0.775,6,80,1
0.13,117,13,1,108,0.914,20,21,1
0.407,220,136,10,27,0.13,1,443,1
0.015,138,28,1,99,0.728,29,3389,1
0.105,172,28,1,128,0.807,52,21,1
0.455,5893,117,0,145,0.865,1,443,1
0.195,5236,78,0,152,0.846,4,80,1
0.7,402,451,9,43,0.285,2,3389,1
0.692,242,288,11,35,0.533,3,22,1
0.332,3849,50,0,141,0.762,4,443,1
0.299,94,16,1,114,0.746,28,135,1
0.389,6774,191,0,155,0.783,7,80,1
0.481,488,290,6,42,0.421,3,443,1
0.164,6286,56,0,173,0.892,5,80,1
0.165,5900,0,1,94,0.928,4,80,1
0.091,63,26,2,122,0.722,49,135,1
0.153,5890,116,0,162,0.792,2,80,1
0.01,3889,135,0,136,0.963,4,443,1
0.01,133,38,1,80,0.696,64,22,1
0.524,250,207,11,40,0.3,2,443,1
0.181,527,103,5,21,0.169,2,22,1
0.244,240,385,7,36,0.237,3,443,1
0.256,121,33,1,112,0.824,55,23,1
0.306,5681,29,0,173,0.822,4,80,1
0.05,307,163,7,42,0.279,1,3389,1
0.033,98,60,1,82,0.889,27,135,1
0.212,4108,89,0,132,0.774,1,443,1
0.176,85,0,2,75,0.897,56,23,1
0.114,98,25,0,86,0.787,68,22,1
0.284,7717,87,0,136,0.856,7,80,0
1.082,488,291,9,46,0.502,3,22,1
0.59,394,406,7,33,0.341,2,3389,1
0.166,342,410,5,37,0.374,4,22,1
0.291,4141,74,0,154,0.787,2,80,1
0.151,75,24,1,147,0.646,54,23,1
0.39,5969,87,0,168,0.769,6,80,1
0.366,4928,99,1,139,0.784,5,80,1
0.144,4798,134,0,125,0.913,4,80,1
0.01,120,32,1,149,0.708,85,445,1
0.167,148,24,0,102,0.758,42,139,1
0.019,74,26,0,84,0.814,42,139,1
0.214,7237,101,0,168,0.771,3,443,0
0.194,29,7,0,108,0.783,49,80,1
0.16,20,34,1,110,0.575,37,21,1
0.301,136,359,9,17,0.19,3,22,1
0.576,443,100,5,44,0.299,2,443,1
0.395,561,175,6,26,0.402,4,443,1
0.168,155,0,0,71,0.651,41,23,1
0.938,560,245,6,42,0.226,2,443,1
0.309,5272,75,1,187,0.817,6,80,1
0.105,137,11,0,125,0.78,58,135,1
0.256,66,49,0,112,0.629,41,3389,1
0.05,317,10,5,37,0.326,2,22,1
0.223,113,42,0,102,0.836,72,21,1
0.2,5559,60,1,188,0.862,4,80,1
0.098,115,11,0,98,0.519,64,80,1
0.478,5058,147,0,225,0.884,3,80,1
0.995,191,164,5,36,0.201,4,443,1
0.144,20,22,2,69,0.462,57,135,1
0.138,141,45,1,69,0.767,39,23,1
0.119,151,16,0,109,0.819,55,22,1
0.017,150,24,1,92,1,49,445,1
0.759,81,347,6,42,0.201,3,443,1
0.259,5681,94,1,128,0.878,8,80,1
0.281,98,11,0,100,0.821,40,139,1
0.088,138,6,0,96,0.717,61,22,1
0.036,88,8,0,124,0.784,42,445,0
0.331,482,125,6,27,0.229,3,3389,1
0.234,2415,93,0,164,0.791,3,80,1
0.163,33,104,9,16,0.497,3,3389,1
0.155,53,0,0,84,0.883,38,139,1
0.01,2978,67,0,215,0.866,2,80,1
0.05,334,298,11,43,0.324,2,3389,1
0.256,4377,97,0,118,0.73,4,443,1
0.176,75,14,1,94,0.647,29,139,1
0.01,106,37,0,140,0.933,35,3389,1
0.201,4978,0,0,179,0.7,4,443,1
0.259,5643,78,1,162,0.858,1,80,1
0.1,78,38,0,73,0.753,42,445,1
0.01,49,10,0,119,0.678,55,445,0
0.247,92,25,0,78,0.793,35,135,1
0.061,50,18,1,112,0.773,67,3389,1
0.176,75,3,0,112,0.771,54,22,1
0.105,152,18,0,117,0.845,47,3389,1
0.178,21,26,0,142,0.782,53,445,1
0.417,274,322,7,33,0.363,4,3389,0
0.1,92,68,1,138,0.873,67,80,1
