url,label
https://www.example.com,0
https://portal.university.edu/login,0
https://docs.python.org/3/,0
https://owasp.org/,0
https://www.wikipedia.org/,0
https://bank.example.com/mobile,0
https://www.example.com,0
https://portal.university.edu/login,0
https://docs.python.org/3/,0
https://owasp.org/,0
https://www.wikipedia.org/,0
https://bank.example.com/mobile,0
https://www.example.com,0
https://portal.university.edu/login,0
https://docs.python.org/3/,0
https://owasp.org/,0
https://www.wikipedia.org/,0
https://bank.example.com/mobile,0
https://www.example.com,0
https://portal.university.edu/login,0
https://docs.python.org/3/,0
https://owasp.org/,0
https://www.wikipedia.org/,0
https://bank.example.com/mobile,0
https://www.example.com,0
https://portal.university.edu/login,0
https://docs.python.org/3/,0
https://owasp.org/,0
https://www.wikipedia.org/,0
https://bank.example.com/mobile,0
https://www.example.com,0
https://portal.university.edu/login,0
https://docs.python.org/3/,0
https://owasp.org/,0
https://www.wikipedia.org/,0
https://bank.example.com/mobile,0
https://www.example.com,0
https://portal.university.edu/login,0
https://docs.python.org/3/,0
https://owasp.org/,0
https://www.wikipedia.org/,0
https://bank.example.com/mobile,0
https://www.example.com,0
https://portal.university.edu/login,0
https://docs.python.org/3/,0
https://owasp.org/,0
https://www.wikipedia.org/,0
https://bank.example.com/mobile,0
http://secure-login-example.xyz/verify,1
http://203.0.113.99/account,1
http://update-account-login.example.net-security.test,1
http://verify--user--now.example/,1
http://login.example.security-check.test/reset,1
http://account-validation.example.xyz/?session=999999,1
http://secure-login-example.xyz/verify,1
http://203.0.113.99/account,1
http://update-account-login.example.net-security.test,1
http://verify--user--now.example/,1
http://login.example.security-check.test/reset,1
http://account-validation.example.xyz/?session=999999,1
http://secure-login-example.xyz/verify,1
http://203.0.113.99/account,1
http://update-account-login.example.net-security.test,1
http://verify--user--now.example/,1
http://login.example.security-check.test/reset,1
http://account-validation.example.xyz/?session=999999,1
http://secure-login-example.xyz/verify,1
http://203.0.113.99/account,1
http://update-account-login.example.net-security.test,1
http://verify--user--now.example/,1
http://login.example.security-check.test/reset,1
http://account-validation.example.xyz/?session=999999,1
http://secure-login-example.xyz/verify,1
http://203.0.113.99/account,1
http://update-account-login.example.net-security.test,1
http://verify--user--now.example/,1
http://login.example.security-check.test/reset,1
http://account-validation.example.xyz/?session=999999,1
http://secure-login-example.xyz/verify,1
http://203.0.113.99/account,1
http://update-account-login.example.net-security.test,1
http://verify--user--now.example/,1
http://login.example.security-check.test/reset,1
http://account-validation.example.xyz/?session=999999,1
http://secure-login-example.xyz/verify,1
http://203.0.113.99/account,1
http://update-account-login.example.net-security.test,1
http://verify--user--now.example/,1
http://login.example.security-check.test/reset,1
http://account-validation.example.xyz/?session=999999,1
http://secure-login-example.xyz/verify,1
http://203.0.113.99/account,1
http://update-account-login.example.net-security.test,1
http://verify--user--now.example/,1
http://login.example.security-check.test/reset,1
http://account-validation.example.xyz/?session=999999,1
